metric,baseline_value,ai_model_value
MAE,22.230295566502466,6.478743553161621
MAPE,600.7987945423547,43.85663287504107
RMSE,25.662277786137437,9.282702810721023
